{"stats":{"minecraft:picked_up":{"minecraft:beef":2,"minecraft:leather":1},"minecraft:killed":{"minecraft:cow":1},"minecraft:used":{"minecraft:dark_oak_leaves":19,"minecraft:cow_spawn_egg":1,"minecraft:tnt":1},"minecraft:custom":{"minecraft:jump":53,"minecraft:time_since_rest":8535,"minecraft:damage_dealt":100,"minecraft:crouch_one_cm":265,"minecraft:play_one_minute":8535,"minecraft:leave_game":2,"minecraft:sprint_one_cm":3036,"minecraft:time_since_death":8535,"minecraft:walk_one_cm":4303,"minecraft:sneak_time":146,"minecraft:mob_kills":1,"minecraft:fall_one_cm":209,"minecraft:fly_one_cm":106199}},"DataVersion":2586}