{"stats":{"minecraft:used":{"minecraft:stripped_crimson_stem":8,"minecraft:oak_planks":1,"minecraft:gold_block":2,"minecraft:stone":52,"minecraft:crimson_fence":2,"minecraft:end_crystal":2,"minecraft:stripped_crimson_hyphae":1,"minecraft:obsidian":2},"minecraft:custom":{"minecraft:jump":19,"minecraft:time_since_rest":1162,"minecraft:play_one_minute":13135,"minecraft:walk_one_cm":3763,"minecraft:leave_game":2,"minecraft:sprint_one_cm":1081,"minecraft:damage_taken":220,"minecraft:time_since_death":725,"minecraft:deaths":1,"minecraft:sneak_time":63,"minecraft:fall_one_cm":335,"minecraft:fly_one_cm":4160}},"DataVersion":2586}